{
  "hash": "1a0cec59",
  "browserHash": "809f6039",
  "optimized": {
    "@angular/common": {
      "src": "../../../../../node_modules/@angular/common/fesm2022/common.mjs",
      "file": "@angular_common.js",
      "fileHash": "cf5d8161",
      "needsInterop": false
    },
    "@angular/core": {
      "src": "../../../../../node_modules/@angular/core/fesm2022/core.mjs",
      "file": "@angular_core.js",
      "fileHash": "7da8621a",
      "needsInterop": false
    },
    "@angular/material/form-field": {
      "src": "../../../../../node_modules/@angular/material/fesm2022/form-field.mjs",
      "file": "@angular_material_form-field.js",
      "fileHash": "1b9462a2",
      "needsInterop": false
    },
    "@angular/material/input": {
      "src": "../../../../../node_modules/@angular/material/fesm2022/input.mjs",
      "file": "@angular_material_input.js",
      "fileHash": "01784b3e",
      "needsInterop": false
    },
    "@angular/material/select": {
      "src": "../../../../../node_modules/@angular/material/fesm2022/select.mjs",
      "file": "@angular_material_select.js",
      "fileHash": "bd247541",
      "needsInterop": false
    },
    "@angular/material/sort": {
      "src": "../../../../../node_modules/@angular/material/fesm2022/sort.mjs",
      "file": "@angular_material_sort.js",
      "fileHash": "eac4ae77",
      "needsInterop": false
    },
    "@angular/material/table": {
      "src": "../../../../../node_modules/@angular/material/fesm2022/table.mjs",
      "file": "@angular_material_table.js",
      "fileHash": "abb0de1c",
      "needsInterop": false
    },
    "@angular/platform-browser": {
      "src": "../../../../../node_modules/@angular/platform-browser/fesm2022/platform-browser.mjs",
      "file": "@angular_platform-browser.js",
      "fileHash": "8a8d19d5",
      "needsInterop": false
    },
    "@angular/platform-browser/animations": {
      "src": "../../../../../node_modules/@angular/platform-browser/fesm2022/animations.mjs",
      "file": "@angular_platform-browser_animations.js",
      "fileHash": "a450bcd7",
      "needsInterop": false
    },
    "@angular/router": {
      "src": "../../../../../node_modules/@angular/router/fesm2022/router.mjs",
      "file": "@angular_router.js",
      "fileHash": "331f626e",
      "needsInterop": false
    },
    "@angular/material/core": {
      "src": "../../../../../node_modules/@angular/material/fesm2022/core.mjs",
      "file": "@angular_material_core.js",
      "fileHash": "60325558",
      "needsInterop": false
    },
    "@angular/material/expansion": {
      "src": "../../../../../node_modules/@angular/material/fesm2022/expansion.mjs",
      "file": "@angular_material_expansion.js",
      "fileHash": "4d1301a4",
      "needsInterop": false
    }
  },
  "chunks": {
    "chunk-YFCZNC45": {
      "file": "chunk-YFCZNC45.js"
    },
    "chunk-64UYKPKW": {
      "file": "chunk-64UYKPKW.js"
    },
    "chunk-PXBYDYBK": {
      "file": "chunk-PXBYDYBK.js"
    },
    "chunk-NOQAPML3": {
      "file": "chunk-NOQAPML3.js"
    },
    "chunk-7SEY426J": {
      "file": "chunk-7SEY426J.js"
    },
    "chunk-22TPVTQM": {
      "file": "chunk-22TPVTQM.js"
    },
    "chunk-SU3DEGER": {
      "file": "chunk-SU3DEGER.js"
    },
    "chunk-465AGRQV": {
      "file": "chunk-465AGRQV.js"
    },
    "chunk-3TYZGHYL": {
      "file": "chunk-3TYZGHYL.js"
    },
    "chunk-DJWN2L6X": {
      "file": "chunk-DJWN2L6X.js"
    }
  }
}